Mutation 1,Mutation 2,Mutation 3,Mutation 4,Mutation 5,Mutation 6,Mutation 7,NFV,SQV,IDV,FPV,ATV,LPV,TPV,DRV,
90M,,,,,,,7.3,3.2,3.1,1.3,3.1,1.6,1.2,0.9,DRV
30N,,,,,,,40,1.3,1.3,0.8,2.5,1,1.2,1,FPV
46I,90M,,,,,,22,4.2,9.1,3.2,4.9,2.7,0.9,0.8,DRV
46I,,,,,,,11,0.9,4.4,2.1,2.2,2.7,1.1,0.8,DRV
54V,82A,90M,,,,,57,27,24,3.6,36,39,2.4,1.6,DRV
54V,82A,,,,,,9.4,1.4,8,1.5,2.3,11,1.6,0.8,DRV
46L,,,,,,,8.2,1.5,2.6,1.1,2.4,1.6,,,FPV
46L,54V,82A,,,,,39,6.2,19,4.6,31,37,1.1,1.7,TPV
46I,54V,82A,,,,,16,1.6,15,2.5,7.5,27,1.6,0.8,DRV
46I,84V,90M,,,,,48,43,28,7.7,22,17,2,4,TPV
46L,54V,82A,90M,,,,40,11,22,8.2,17,50,4.4,4.1,DRV
84V,90M,,,,,,19,25,11,4.5,15,6.4,2,2.1,TPV
46I,54V,84V,90M,,,,86,161,53,20,171,96,4.7,11,TPV
46I,54V,82A,90M,,,,49,22,29,6.4,24,58,2.6,1.8,DRV
82A,,,,,,,2.1,0.8,2.1,1,1.9,2.2,0.4,,TPV
88S,,,,,,,7.7,1.2,2.5,0.1,7.2,1.4,0.6,0.3,FPV
46I,54V,76V,82A,,,,11,1.6,37,6.5,1.4,82,0.5,,TPV
54V,84V,90M,,,,,144,773,50,13,155,43,17,132,FPV
54V,90M,,,,,,34,60,5,1.3,72,28,23,2.1,FPV
30N,90M,,,,,,74,6,2.8,1.3,4.8,1.8,0.5,0.4,DRV
50L,,,,,,,0.3,0.3,0.3,0.3,6,0.3,,,NFV
84V,,,,,,,2.5,2.8,1.9,3.9,2.3,2.6,3.2,2.6,IDV
46I,88S,,,,,,18,1.3,5.8,0.2,6.1,0.8,,,FPV
46L,82A,,,,,,6.1,1.3,7.4,5.8,2.5,7,,,SQV
54V,,,,,,,18,8.1,6.2,3,8.6,5.4,2.7,0.6,DRV
30N,46I,,,,,,25,0.6,1.2,0.8,1.5,0.8,0.5,0.5,TPV
82A,90M,,,,,,6.1,1.6,7.1,1.6,5.5,2.7,,,SQV
46I,84V,,,,,,13,11,5.6,6.7,14,14,11,,IDV
46L,90M,,,,,,15,3.4,7.5,1.7,5.4,2.8,0.6,0.7,TPV